factor_name,Group1,Group2,Group3,Group4,Group5,ic_mean,ic_sign,icir,long-average,long-short,signic>0,signic>0.04,t
"PartialRatio($volume, 240, ""sum"", 0, 30 )",0.000449595,-4.03E-05,0.000510449,0.000534457,-4.75E-05,-0.027932313,1,2.860216494,0.000209118,0.000497108,0.667010309,0.433505155,-17.7453473
"PartialRatio($num_trades, 240, ""sum"", 0, 30 )",-0.001031889,8.03E-05,0.000616065,0.000677015,-5.87E-05,-0.03185643,1,3.249273458,-0.001062657,-0.000973207,0.69870283,0.451061321,-18.84880922
"DownResample(UpStd($close/Ref($close,1) - 1,240), 240, 'last')",-0.004813903,5.60E-05,0.000869334,0.001194569,0.004402961,-0.074100112,1,4.606566555,-0.005054381,-0.009216863,0.748969072,0.630927835,-28.58004755
"DownResample(UpStd($close/Ref($close,2) - 1,240), 240, 'last')",-0.005364709,1.39E-05,0.001113813,0.001439133,0.004520173,-0.082615587,1,5.064009544,-0.005605187,-0.009884882,0.76185567,0.662371134,-31.41811408
"DownResample(UpStd($close/Ref($close,3) - 1,240), 240, 'last')",-0.00542158,-1.43E-05,0.001175525,0.001447163,0.004506423,-0.083898429,1,5.173645318,-0.005662058,-0.009928003,0.770618557,0.674226804,-32.09831604
"DownResample(UpStd($close/Ref($close,4) - 1,240), 240, 'last')",-0.005399094,-2.27E-05,0.00115777,0.001472694,0.004498794,-0.083908697,1,5.223187284,-0.005639572,-0.009897888,0.771134021,0.669587629,-32.40568417
"DownResample(UpStd($close/Ref($close,5) - 1,240), 240, 'last')",-0.005411392,2.61E-05,0.001136627,0.001477292,0.004346628,-0.083534613,1,5.243415281,-0.00565187,-0.00975802,0.771649485,0.671134021,-32.53118266
"DownResample(UpStd($close/Ref($close,6) - 1,240), 240, 'last')",-0.005368015,2.93E-05,0.001120426,0.00147245,0.004445448,-0.082943509,1,5.246505108,-0.005608493,-0.009813463,0.772680412,0.667525773,-32.55035255
"DownResample(UpStd($close/Ref($close,7) - 1,240), 240, 'last')",-0.005326742,3.40E-05,0.001138028,0.001455364,0.00433793,-0.082295566,1,5.239124999,-0.00556722,-0.009664672,0.77371134,0.668556701,-32.5045649
"DownResample(UpStd($close/Ref($close,8) - 1,240), 240, 'last')",-0.005266515,-1.53E-05,0.001151424,0.001445452,0.004319248,-0.081668559,1,5.223786423,-0.005506993,-0.009585763,0.774742268,0.667010309,-32.40940135
"DownResample(UpStd($close/Ref($close,9) - 1,240), 240, 'last')",-0.005238745,-5.75E-05,0.001189269,0.001459945,0.004313614,-0.081126627,1,5.20724267,-0.005479223,-0.009552359,0.774226804,0.664948454,-32.30676064
"DownResample(UpStd($close/Ref($close,10) - 1,240), 240, 'last')",-0.005195989,-5.17E-05,0.001155771,0.00145417,0.004382953,-0.080609922,1,5.190522124,-0.005436467,-0.009578943,0.774226804,0.660824742,-32.20302308
"DownResample(UpStd($close/Ref($close,11) - 1,240), 240, 'last')",-0.005150116,-5.58E-05,0.001168305,0.001423287,0.004291535,-0.079991864,1,5.16033493,-0.005390594,-0.009441651,0.77371134,0.659793814,-32.01573577
"DownResample(UpStd($close/Ref($close,12) - 1,240), 240, 'last')",-0.005122686,-4.81E-05,0.00115732,0.001426718,0.004276219,-0.079458953,1,5.137231057,-0.005363164,-0.009398905,0.773195876,0.658762887,-31.87239478
"DownResample(UpStd($close/Ref($close,13) - 1,240), 240, 'last')",-0.005071752,-7.65E-05,0.001172623,0.001390771,0.004268532,-0.078948032,1,5.115067076,-0.00531223,-0.009340284,0.772164948,0.657216495,-31.73488508
"DownResample(UpStd($close/Ref($close,14) - 1,240), 240, 'last')",-0.005023656,-8.71E-05,0.001147668,0.001399392,0.004279789,-0.078394639,1,5.090856815,-0.005264134,-0.009303444,0.773195876,0.652061856,-31.58467984
"DownResample(UpStd($close/Ref($close,15) - 1,240), 240, 'last')",-0.004999575,-9.74E-05,0.001150349,0.001380831,0.004278243,-0.077908336,1,5.071219415,-0.005240053,-0.009277819,0.771649485,0.65257732,-31.46284554
"DownResample(UpStd($close/Ref($close,16) - 1,240), 240, 'last')",-0.004975626,-9.06E-05,0.001145287,0.001372365,0.004228339,-0.077389154,1,5.046610636,-0.005216104,-0.009203966,0.769587629,0.648969072,-31.31016782
"DownResample(UpStd($close/Ref($close,17) - 1,240), 240, 'last')",-0.004939608,-0.000114708,0.001149128,0.001385776,0.004222372,-0.076918756,1,5.023346171,-0.005180086,-0.00916198,0.769072165,0.649484536,-31.16583049
"DownResample(UpStd($close/Ref($close,18) - 1,240), 240, 'last')",-0.004915673,-0.000102581,0.001109751,0.001418794,0.004200753,-0.076442443,1,4.998179894,-0.005156151,-0.009116425,0.770103093,0.64742268,-31.00969394
"DownResample(UpStd($close/Ref($close,19) - 1,240), 240, 'last')",-0.004894206,-0.000111284,0.001115504,0.001405988,0.004131799,-0.076029304,1,4.977768289,-0.005134684,-0.009026004,0.768556701,0.644329897,-30.88305632
"DownResample(UpStd($close/Ref($close,20) - 1,240), 240, 'last')",-0.004866234,-0.000107277,0.001082874,0.001423548,0.004184367,-0.075631121,1,4.957004198,-0.005106712,-0.009050601,0.767010309,0.642268041,-30.7542318
"DownResample(UpStd($close/Ref($close,21) - 1,240), 240, 'last')",-0.004838572,-0.000119237,0.001088013,0.001430462,0.004107141,-0.075218792,1,4.933920817,-0.00507905,-0.008945713,0.765463918,0.642783505,-30.61101796
"DownResample(UpStd($close/Ref($close,22) - 1,240), 240, 'last')",-0.004809872,-0.00011782,0.001077279,0.00142759,0.004149775,-0.074822343,1,4.912737848,-0.00505035,-0.008959646,0.76443299,0.644845361,-30.47959464
"DownResample(UpStd($close/Ref($close,23) - 1,240), 240, 'last')",-0.004773463,-0.000116105,0.001069405,0.001395765,0.004069926,-0.07442032,1,4.891729535,-0.005013941,-0.008843389,0.764948454,0.640721649,-30.34925492
"DownResample(UpStd($close/Ref($close,24) - 1,240), 240, 'last')",-0.004744162,-0.00011456,0.001056285,0.001399177,0.004149851,-0.074039997,1,4.87076179,-0.00498464,-0.008894014,0.760309278,0.638659794,-30.2191669
"DownResample(UpStd($close/Ref($close,25) - 1,240), 240, 'last')",-0.004707746,-0.000137771,0.001065812,0.001391397,0.004069461,-0.073686122,1,4.850463872,-0.004948224,-0.008777208,0.760309278,0.637113402,-30.09323461
"DownResample(UpStd($close/Ref($close,26) - 1,240), 240, 'last')",-0.004680885,-0.000135326,0.001060315,0.001355473,0.004139668,-0.073348848,1,4.831126363,-0.004921363,-0.008820554,0.759278351,0.637113402,-29.97326089
"DownResample(UpStd($close/Ref($close,27) - 1,240), 240, 'last')",-0.004674845,-0.000128217,0.00105442,0.001371371,0.004105455,-0.072994476,1,4.808146362,-0.004915323,-0.0087803,0.759793814,0.635051546,-29.83068842
"DownResample(UpStd($close/Ref($close,28) - 1,240), 240, 'last')",-0.004661631,-0.000108304,0.001046159,0.001365601,0.004058936,-0.07261928,1,4.784601767,-0.004902109,-0.008720568,0.758247423,0.634020619,-29.68461312
"DownResample(UpStd($close/Ref($close,29) - 1,240), 240, 'last')",-0.0046461,-0.000125413,0.001054209,0.001368045,0.004052971,-0.072331624,1,4.767881344,-0.004886578,-0.00869907,0.757216495,0.632989691,-29.58087631
"DownResample(UpStd($close/Ref($close,30) - 1,240), 240, 'last')",-0.004646228,-0.000110156,0.00105505,0.001369522,0.004033487,-0.072012284,1,4.748389565,-0.004886706,-0.008679715,0.756701031,0.631443299,-29.45994547
"DownResample(DownStd($close/Ref($close,1) - 1,240), 240, 'last')",-0.004830957,-8.93E-06,0.000815908,0.000938992,0.000313349,-0.066509962,1,3.828533934,-0.005071435,-0.005144306,0.713402062,0.591237113,-23.7529797
"DownResample(DownStd($close/Ref($close,2) - 1,240), 240, 'last')",-0.005301251,2.15E-05,0.000946703,0.001097674,0.000467805,-0.073392304,1,4.086630299,-0.005541729,-0.005769057,0.723195876,0.61443299,-25.35426046
"DownResample(DownStd($close/Ref($close,3) - 1,240), 240, 'last')",-0.005331017,1.46E-06,0.000919752,0.001173675,0.00045521,-0.074443156,1,4.099274785,-0.005571495,-0.005786227,0.723195876,0.613402062,-25.43270934
"DownResample(DownStd($close/Ref($close,4) - 1,240), 240, 'last')",-0.005339865,2.95E-05,0.000891425,0.001176008,0.000458846,-0.074584688,1,4.0868404,-0.005580343,-0.005798711,0.726804124,0.614948454,-25.35556396
"DownResample(DownStd($close/Ref($close,5) - 1,240), 240, 'last')",-0.005340099,3.54E-05,0.000877516,0.001169409,0.000458593,-0.074441051,1,4.071888086,-0.005580577,-0.005798692,0.727835052,0.615979381,-25.26279686
"DownResample(DownStd($close/Ref($close,6) - 1,240), 240, 'last')",-0.005317433,-9.61E-06,0.000891369,0.001142266,0.000482214,-0.074190563,1,4.056801775,-0.00555791,-0.005799647,0.728865979,0.615463918,-25.16919841
"DownResample(DownStd($close/Ref($close,7) - 1,240), 240, 'last')",-0.005327745,-1.50E-05,0.000912626,0.001157922,0.000455958,-0.073926387,1,4.03923653,-0.005568223,-0.005783703,0.729381443,0.613917526,-25.06022016
"DownResample(DownStd($close/Ref($close,8) - 1,240), 240, 'last')",-0.005277209,-2.12E-05,0.00085976,0.001136814,0.000482648,-0.073590552,1,4.022329352,-0.005517687,-0.005759857,0.726804124,0.612371134,-24.95532469
"DownResample(DownStd($close/Ref($close,9) - 1,240), 240, 'last')",-0.005262139,-1.83E-05,0.000830992,0.001158789,0.000486882,-0.073131302,1,3.993195483,-0.005502617,-0.005749022,0.721649485,0.61185567,-24.77457243
"DownResample(DownStd($close/Ref($close,10) - 1,240), 240, 'last')",-0.005232182,-4.40E-05,0.000841654,0.001161009,0.000465307,-0.072723996,1,3.970225508,-0.00547266,-0.005697489,0.721649485,0.609278351,-24.63206217
"DownResample(DownStd($close/Ref($close,11) - 1,240), 240, 'last')",-0.0051991,-6.09E-05,0.000833092,0.001123718,0.000492078,-0.072332984,1,3.945260694,-0.005439578,-0.005691178,0.719587629,0.607731959,-24.47717554
"DownResample(DownStd($close/Ref($close,12) - 1,240), 240, 'last')",-0.005188439,-6.95E-05,0.00081874,0.001136279,0.000489736,-0.071932685,1,3.919420643,-0.005428917,-0.005678175,0.715979381,0.607216495,-24.31685877
"DownResample(DownStd($close/Ref($close,13) - 1,240), 240, 'last')",-0.005157495,-6.57E-05,0.000814371,0.0011018,0.000471936,-0.07141495,1,3.889315203,-0.005397973,-0.005629431,0.715979381,0.603092784,-24.13007868
"DownResample(DownStd($close/Ref($close,14) - 1,240), 240, 'last')",-0.005131918,-7.11E-05,0.000793848,0.001118423,0.000469562,-0.071010804,1,3.86533507,-0.005372396,-0.00560148,0.714948454,0.605154639,-23.9813012
"DownResample(DownStd($close/Ref($close,15) - 1,240), 240, 'last')",-0.005085476,-0.000105112,0.000796319,0.001102336,0.000475429,-0.070579254,1,3.842279074,-0.005325954,-0.005560906,0.715463918,0.604123711,-23.83825725
"DownResample(DownStd($close/Ref($close,16) - 1,240), 240, 'last')",-0.005045484,-0.000118295,0.000785778,0.001107055,0.0004511,-0.070141976,1,3.81837631,-0.005285962,-0.005496584,0.71443299,0.60257732,-23.6899598
"DownResample(DownStd($close/Ref($close,17) - 1,240), 240, 'last')",-0.00501909,-0.000130986,0.0007826,0.001095132,0.000440224,-0.069721925,1,3.79635664,-0.005259567,-0.005459314,0.713402062,0.601546392,-23.55334542
"DownResample(DownStd($close/Ref($close,18) - 1,240), 240, 'last')",-0.004992827,-0.000125519,0.00075204,0.001088444,0.000444074,-0.069360856,1,3.779411692,-0.005233305,-0.005436901,0.712371134,0.601030928,-23.44821562
"DownResample(DownStd($close/Ref($close,19) - 1,240), 240, 'last')",-0.004975177,-0.000130044,0.000756599,0.001081072,0.000440962,-0.068954567,1,3.7607827,-0.005215655,-0.005416139,0.712371134,0.6,-23.33263768
"DownResample(DownStd($close/Ref($close,20) - 1,240), 240, 'last')",-0.004955231,-0.000113649,0.00071188,0.001101305,0.00042527,-0.068579902,1,3.741133782,-0.005195709,-0.005380501,0.713402062,0.598453608,-23.21073192
"DownResample(DownStd($close/Ref($close,21) - 1,240), 240, 'last')",-0.004913234,-0.000116722,0.000720106,0.00105759,0.000414224,-0.068192316,1,3.720025879,-0.005153712,-0.005327458,0.71185567,0.59742268,-23.07977432
"DownResample(DownStd($close/Ref($close,22) - 1,240), 240, 'last')",-0.004892672,-0.000125998,0.000711954,0.001057229,0.000412149,-0.06783865,1,3.701404946,-0.00513315,-0.005304821,0.710309278,0.596391753,-22.96424638
"DownResample(DownStd($close/Ref($close,23) - 1,240), 240, 'last')",-0.004866144,-0.000110095,0.000711114,0.001034135,0.000391599,-0.067392973,1,3.678108802,-0.005106622,-0.005257742,0.709278351,0.596391753,-22.81971251
"DownResample(DownStd($close/Ref($close,24) - 1,240), 240, 'last')",-0.004838414,-0.000135089,0.000721968,0.001022023,0.000385161,-0.067078172,1,3.663230761,-0.005078892,-0.005223576,0.707216495,0.596907216,-22.7274062
"DownResample(DownStd($close/Ref($close,25) - 1,240), 240, 'last')",-0.004827582,-0.000124655,0.00071571,0.000995648,0.000395888,-0.066750211,1,3.646680518,-0.00506806,-0.00522347,0.705154639,0.595876289,-22.62472523
"DownResample(DownStd($close/Ref($close,26) - 1,240), 240, 'last')",-0.004802102,-0.00012464,0.000698862,0.000988728,0.000389296,-0.066460996,1,3.631931701,-0.00504258,-0.005191399,0.706701031,0.593814433,-22.53322067
"DownResample(DownStd($close/Ref($close,27) - 1,240), 240, 'last')",-0.004780953,-0.000127015,0.000675423,0.001000254,0.000374137,-0.066156389,1,3.615974253,-0.005021431,-0.00515509,0.705154639,0.593814433,-22.43421751
"DownResample(DownStd($close/Ref($close,28) - 1,240), 240, 'last')",-0.004760149,-0.000137904,0.000679315,0.000995135,0.000383481,-0.065882449,1,3.603501982,-0.005000627,-0.00514363,0.706701031,0.593814433,-22.35683708
"DownResample(DownStd($close/Ref($close,29) - 1,240), 240, 'last')",-0.004749357,-0.000120891,0.000654096,0.001013966,0.00036267,-0.065626123,1,3.591143498,-0.004989835,-0.005112027,0.707731959,0.592783505,-22.28016261
"DownResample(DownStd($close/Ref($close,30) - 1,240), 240, 'last')",-0.004731298,-0.000140392,0.000666948,0.000989116,0.000377249,-0.065439365,1,3.582022505,-0.004971776,-0.005108547,0.708247423,0.591752577,-22.22357417
"DownResample(Corr($open, $volume, 240), 240, 'last')",-0.004147679,-1.03E-05,0.001921853,0.002226214,0.001312241,-0.043961455,1,4.132129642,-0.004388157,-0.00545992,0.749484536,0.536597938,-25.63654735
"DownResample(Corr($high, $volume, 240), 240, 'last')",-0.004283524,-0.000316685,0.001407299,0.00260464,0.001688491,-0.047516931,1,4.491727228,-0.004524001,-0.005972014,0.754639175,0.544329897,-27.86756171
"DownResample(Corr($low, $volume, 240), 240, 'last')",-0.003902985,0.000564054,0.002052391,0.001472181,0.001111717,-0.042640939,1,4.086926558,-0.004143463,-0.005014703,0.743298969,0.529381443,-25.3560985
"DownResample(Corr($close, $volume, 240), 240, 'last')",-0.004109159,-3.57E-05,0.001958011,0.002086964,0.00120185,-0.045790416,1,4.327874947,-0.004349637,-0.005311009,0.752061856,0.539175258,-26.85098983
"DownResample(Corr($total_turnover/($volume+1e-12), $volume, 240), 240, 'last')",0.003948675,3.48E-05,-0.000695854,-0.000615783,-0.001229229,0.030701152,1,2.634977326,0.003708197,0.005177905,0.66185567,0.447938144,16.34791907
"DownResample(DownResample(Slope($close,10), 10, ""last"")/DownResample($close, 10, 'mean'), 24, ""last"")",-0.004097468,-0.000154871,0.001698392,0.002719688,0.001080339,-0.040194778,1,5.369623837,-0.004337946,-0.005177807,0.828865979,0.505670103,-33.31420543
"DownResample(DownResample(Slope($close,15), 15, ""last"")/DownResample($close, 15, 'mean'), 16, ""last"")",-0.004300094,0.00031373,0.001783857,0.002445699,0.001018533,-0.038882345,1,4.311076201,-0.004540572,-0.005318627,0.785051546,0.501546392,-26.7467671
"DownResample(DownResample(Slope($close,20), 20, ""last"")/DownResample($close, 20, 'mean'), 12, ""last"")",-0.004308326,0.000423582,0.001763151,0.002485142,0.000900345,-0.037426608,1,3.705190876,-0.004548804,-0.005208671,0.753092784,0.474226804,-22.98773504
"DownResample(DownResample(Slope($close,30), 30, ""last"")/DownResample($close, 30, 'mean'), 8, ""last"")",-0.004133431,0.00068209,0.001879811,0.002261686,0.000577634,-0.032117118,1,2.744495768,-0.004373909,-0.004711065,0.686597938,0.429381443,-17.02739309
"DownResample(DownResample(Slope($close,40), 40, ""last"")/DownResample($close, 40, 'mean'), 6, ""last"")",-0.00391752,0.000666218,0.001735643,0.002275111,0.000514941,-0.028980138,1,2.319325228,-0.004157998,-0.004432461,0.651546392,0.418556701,-14.3895512
"DownResample(DownResample(Slope($close,60), 60, ""last"")/DownResample($close, 60, 'mean'), 4, ""last"")",-0.003781533,0.000926978,0.001712316,0.001957003,0.000457134,-0.025615087,1,1.868530391,-0.004022011,-0.004238666,0.613917526,0.400515464,-11.59273111
"DownResample(Max($close/Ref($close,1) - 1, 240), 240, ""last"")",-0.000616823,-2.32E-06,0.000924206,0.001144607,-0.000208185,-0.057664922,1,3.433683715,-0.000857301,-0.000408638,0.722680412,0.59742268,-21.30325106
"DownResample(Max($close/Ref($close,2) - 1, 240), 240, ""last"")",-0.001119514,-2.64E-05,0.001085122,0.001342601,-3.81E-05,-0.065227036,1,3.756741309,-0.001359992,-0.001081407,0.736082474,0.608247423,-23.30756409
"DownResample(Max($close/Ref($close,3) - 1, 240), 240, ""last"")",-0.001166837,-7.41E-05,0.001143701,0.001345488,-1.37E-06,-0.066960358,1,3.829389628,-0.001407315,-0.001165463,0.736082474,0.61185567,-23.75828859
"DownResample(Max($close/Ref($close,4) - 1, 240), 240, ""last"")",-0.001188498,-4.99E-05,0.001131315,0.001378844,-3.38E-05,-0.06734931,1,3.850438145,-0.001428976,-0.001154718,0.735051546,0.615979381,-23.88887774
"DownResample(Max($close/Ref($close,5) - 1, 240), 240, ""last"")",-0.001211302,7.29E-07,0.001134212,0.001385466,-5.70E-05,-0.067344266,1,3.848371294,-0.00145178,-0.001154255,0.732989691,0.61443299,-23.87605459
"DownResample(Max($close/Ref($close,6) - 1, 240), 240, ""last"")",-0.001216951,3.33E-05,0.001123298,0.001392847,-8.08E-05,-0.067154937,1,3.838937791,-0.001457429,-0.001136123,0.730927835,0.61185567,-23.81752728
"DownResample(Max($close/Ref($close,7) - 1, 240), 240, ""last"")",-0.001229242,6.93E-05,0.001174221,0.001308053,-9.54E-05,-0.066978095,1,3.829986132,-0.00146972,-0.001133804,0.730927835,0.611340206,-23.76198942
"DownResample(Max($close/Ref($close,8) - 1, 240), 240, ""last"")",-0.001189346,5.38E-05,0.00113695,0.001351735,-0.000103746,-0.066671247,1,3.807424478,-0.001429824,-0.0010856,0.730927835,0.608762887,-23.62201247
"DownResample(Max($close/Ref($close,9) - 1, 240), 240, ""last"")",-0.001181097,2.18E-05,0.001160869,0.001332083,-8.88E-05,-0.066505761,1,3.789208322,-0.001421575,-0.001092344,0.728350515,0.607731959,-23.50899584
"DownResample(Max($close/Ref($close,10) - 1, 240), 240, ""last"")",-0.001157754,8.72E-06,0.001159211,0.001340449,-0.000109533,-0.066363208,1,3.774436412,-0.001398232,-0.001048221,0.726804124,0.609278351,-23.417348
"DownResample(Max($close/Ref($close,11) - 1, 240), 240, ""last"")",-0.001155476,4.25E-05,0.00115946,0.001350598,-0.000181378,-0.065919218,1,3.741143116,-0.001395954,-0.000974099,0.727319588,0.610824742,-23.21078983
"DownResample(Max($close/Ref($close,12) - 1, 240), 240, ""last"")",-0.001113051,5.27E-05,0.001122513,0.001328227,-0.000142017,-0.065608038,1,3.721649761,-0.001353529,-0.000971034,0.722680412,0.609793814,-23.0898492
"DownResample(Max($close/Ref($close,13) - 1, 240), 240, ""last"")",-0.001067216,-3.22E-06,0.001128553,0.001367486,-0.000180282,-0.065396595,1,3.710616745,-0.001307694,-0.000886934,0.721134021,0.608762887,-23.0213982
"DownResample(Max($close/Ref($close,14) - 1, 240), 240, ""last"")",-0.001056488,1.44E-05,0.001155096,0.001337687,-0.000195084,-0.065058855,1,3.690050536,-0.001296966,-0.000861404,0.721649485,0.604639175,-22.89380138
"DownResample(Max($close/Ref($close,15) - 1, 240), 240, ""last"")",-0.001038186,9.22E-06,0.001138673,0.001339157,-0.000207325,-0.064776674,1,3.675875033,-0.001278664,-0.000830861,0.722164948,0.605154639,-22.80585376
"DownResample(Max($close/Ref($close,16) - 1, 240), 240, ""last"")",-0.001034906,1.69E-05,0.001157932,0.001313584,-0.000189757,-0.064446256,1,3.656269713,-0.001275384,-0.000845149,0.72371134,0.603092784,-22.68421849
"DownResample(Max($close/Ref($close,17) - 1, 240), 240, ""last"")",-0.000991579,-1.19E-05,0.001178155,0.001341378,-0.000271949,-0.064026306,1,3.627272007,-0.001232057,-0.00071963,0.720103093,0.604123711,-22.504311
"DownResample(Max($close/Ref($close,18) - 1, 240), 240, ""last"")",-0.000940433,-2.25E-05,0.001142113,0.001328149,-0.000269284,-0.063646136,1,3.601812561,-0.001180911,-0.000671148,0.718041237,0.603092784,-22.34635558
"DownResample(Max($close/Ref($close,19) - 1, 240), 240, ""last"")",-0.000939323,-2.16E-05,0.001156034,0.001328499,-0.000287648,-0.06342708,1,3.589207362,-0.001179801,-0.000651676,0.719072165,0.60257732,-22.26815044
"DownResample(Max($close/Ref($close,20) - 1, 240), 240, ""last"")",-0.000921906,-1.21E-05,0.001161723,0.001328007,-0.000314099,-0.063079907,1,3.566783271,-0.001162384,-0.000607808,0.720103093,0.6,-22.12902695
"DownResample(Max($close/Ref($close,21) - 1, 240), 240, ""last"")",-0.000889058,-2.75E-05,0.001145985,0.001329339,-0.000302226,-0.06283261,1,3.550245229,-0.001129536,-0.000586832,0.718556701,0.598969072,-22.02642168
"DownResample(Max($close/Ref($close,22) - 1, 240), 240, ""last"")",-0.000909768,-5.43E-06,0.001144844,0.001349628,-0.000341582,-0.062629056,1,3.538275402,-0.001150246,-0.000568186,0.717010309,0.599484536,-21.95215851
"DownResample(Max($close/Ref($close,23) - 1, 240), 240, ""last"")",-0.000897232,4.49E-05,0.001109637,0.001321541,-0.000357179,-0.062296139,1,3.518967829,-0.00113771,-0.000540053,0.715463918,0.597938144,-21.83237052
"DownResample(Max($close/Ref($close,24) - 1, 240), 240, ""last"")",-0.000874033,1.04E-05,0.001142929,0.001328052,-0.000352308,-0.062005116,1,3.501379709,-0.001114511,-0.000521725,0.715979381,0.596391753,-21.72325036
"DownResample(Max($close/Ref($close,25) - 1, 240), 240, ""last"")",-0.000868985,-1.28E-06,0.001164661,0.001285362,-0.000335391,-0.061791964,1,3.491715373,-0.001109463,-0.000533593,0.71443299,0.595360825,-21.66329091
"DownResample(Max($close/Ref($close,26) - 1, 240), 240, ""last"")",-0.00086094,5.81E-05,0.001118528,0.001288644,-0.000358117,-0.061534557,1,3.473001564,-0.001101418,-0.000502823,0.714948454,0.593298969,-21.54718675
"DownResample(Max($close/Ref($close,27) - 1, 240), 240, ""last"")",-0.000855822,4.72E-05,0.001100017,0.001325729,-0.000374735,-0.061352246,1,3.460456096,-0.0010963,-0.000481088,0.717010309,0.596391753,-21.46935219
"DownResample(Max($close/Ref($close,28) - 1, 240), 240, ""last"")",-0.000841881,5.70E-05,0.001087214,0.001329705,-0.00039316,-0.061123161,1,3.444529884,-0.001082359,-0.000448721,0.712371134,0.594329897,-21.37054283
"DownResample(Max($close/Ref($close,29) - 1, 240), 240, ""last"")",-0.000859712,8.17E-05,0.00109962,0.001312539,-0.000391204,-0.060975129,1,3.435644495,-0.00110019,-0.000468508,0.713402062,0.594329897,-21.31541612
"DownResample(Max($close/Ref($close,30) - 1, 240), 240, ""last"")",-0.000822574,-5.03E-06,0.001180827,0.001313908,-0.000421829,-0.060723897,1,3.420398664,-0.001063052,-0.000400745,0.713917526,0.591237113,-21.22082798
"DownResample(Min($close/Ref($close,1) - 1, 240), 240, ""last"")",0.00460371,0.000935544,0.001007761,0.000136464,-0.005325456,0.069285868,1,4.124204786,0.004363232,0.009929165,0.76185567,0.636082474,25.58737998
"DownResample(Min($close/Ref($close,2) - 1, 240), 240, ""last"")",0.004710201,0.001174767,0.000972616,9.69E-05,-0.005599681,0.073879805,1,4.161438421,0.004469724,0.010309883,0.757216495,0.642783505,25.8183848
"DownResample(Min($close/Ref($close,3) - 1, 240), 240, ""last"")",0.004768402,0.001190031,0.000951008,4.01E-05,-0.005600556,0.074993922,1,4.110477961,0.004527925,0.010368958,0.753608247,0.637628866,25.50221605
"DownResample(Min($close/Ref($close,4) - 1, 240), 240, ""last"")",0.004817102,0.001139867,0.000942052,8.49E-05,-0.005644036,0.075656819,1,4.080933707,0.004576624,0.010461137,0.753608247,0.641752577,25.31891767
"DownResample(Min($close/Ref($close,5) - 1, 240), 240, ""last"")",0.004837445,0.001164782,0.000916358,0.00011801,-0.005698471,0.075963461,1,4.057870131,0.004596967,0.010535916,0.748453608,0.633505155,25.1758267
"DownResample(Min($close/Ref($close,6) - 1, 240), 240, ""last"")",0.004828795,0.001195823,0.000873068,0.000119047,-0.005683032,0.076106629,1,4.036605245,0.004588317,0.010511827,0.744329897,0.632474227,25.04389515
"DownResample(Min($close/Ref($close,7) - 1, 240), 240, ""last"")",0.004842116,0.001214422,0.000933342,0.000105677,-0.005761469,0.076512378,1,4.031899043,0.004601638,0.010603584,0.739175258,0.630412371,25.01469695
"DownResample(Min($close/Ref($close,8) - 1, 240), 240, ""last"")",0.004847279,0.001263392,0.00087894,4.89E-05,-0.005706076,0.076518322,1,4.010460584,0.004606801,0.010553355,0.738659794,0.632989691,24.88168852
"DownResample(Min($close/Ref($close,9) - 1, 240), 240, ""last"")",0.004852325,0.001274739,0.000868008,2.82E-05,-0.005690695,0.076436752,1,3.982688747,0.004611847,0.01054302,0.73556701,0.631958763,24.70938656
"DownResample(Min($close/Ref($close,10) - 1, 240), 240, ""last"")",0.004868241,0.001219149,0.000873396,3.85E-05,-0.005666161,0.076260374,1,3.957909462,0.004627763,0.010534402,0.737113402,0.630412371,24.55565099
"DownResample(Min($close/Ref($close,11) - 1, 240), 240, ""last"")",0.004909538,0.001137211,0.000942703,-3.00E-05,-0.005629223,0.076183059,1,3.934694437,0.00466906,0.010538761,0.737113402,0.628865979,24.4116204
"DownResample(Min($close/Ref($close,12) - 1, 240), 240, ""last"")",0.00490093,0.001145145,0.000944879,-2.37E-05,-0.005637657,0.076000692,1,3.906741097,0.004660452,0.010538587,0.73556701,0.629896907,24.23819237
"DownResample(Min($close/Ref($close,13) - 1, 240), 240, ""last"")",0.004882486,0.001146586,0.00093504,-2.05E-05,-0.00561752,0.075722787,1,3.877560408,0.004642008,0.010500006,0.732989691,0.625773196,24.05714961
"DownResample(Min($close/Ref($close,14) - 1, 240), 240, ""last"")",0.004867827,0.001165071,0.00092543,-2.63E-05,-0.005608548,0.075517509,1,3.856059546,0.004627349,0.010476375,0.733505155,0.624226804,23.92375403
"DownResample(Min($close/Ref($close,15) - 1, 240), 240, ""last"")",0.00489334,0.001156198,0.000893662,-4.54E-05,-0.005575007,0.075326249,1,3.838736707,0.004652862,0.010468347,0.731443299,0.626804124,23.81627972
"DownResample(Min($close/Ref($close,16) - 1, 240), 240, ""last"")",0.004875834,0.001152949,0.000878757,-2.27E-05,-0.005563214,0.07503004,1,3.814054442,0.004635356,0.010439048,0.730412371,0.625257732,23.66314607
"DownResample(Min($close/Ref($close,17) - 1, 240), 240, ""last"")",0.004876283,0.001144314,0.000873873,-9.63E-06,-0.00556515,0.074823889,1,3.793519103,0.004635805,0.010441433,0.729896907,0.622680412,23.53574078
"DownResample(Min($close/Ref($close,18) - 1, 240), 240, ""last"")",0.004884904,0.001151418,0.000885378,-5.78E-05,-0.00554378,0.074761448,1,3.787028985,0.004644426,0.010428685,0.728865979,0.624226804,23.49547481
"DownResample(Min($close/Ref($close,19) - 1, 240), 240, ""last"")",0.004882498,0.001132438,0.000841761,-1.23E-05,-0.005523791,0.074456613,1,3.763132224,0.00464202,0.010406288,0.726804124,0.624226804,23.34721459
"DownResample(Min($close/Ref($close,20) - 1, 240), 240, ""last"")",0.004892716,0.001134874,0.000825365,-1.90E-05,-0.005514837,0.074369595,1,3.752460517,0.004652238,0.010407553,0.728865979,0.622680412,23.28100521
"DownResample(Min($close/Ref($close,21) - 1, 240), 240, ""last"")",0.004888087,0.001105411,0.00084077,-1.46E-05,-0.005501361,0.074187544,1,3.736919638,0.00464761,0.010389448,0.727319588,0.623195876,23.18458654
"DownResample(Min($close/Ref($close,22) - 1, 240), 240, ""last"")",0.00489758,0.001106639,0.000823794,-3.37E-05,-0.005477448,0.073957004,1,3.717981547,0.004657102,0.010375028,0.72371134,0.618041237,23.06709088
"DownResample(Min($close/Ref($close,23) - 1, 240), 240, ""last"")",0.004875065,0.001078594,0.000845007,-4.32E-05,-0.00544231,0.07367491,1,3.697924034,0.004634587,0.010317375,0.722680412,0.617525773,22.94265011
"DownResample(Min($close/Ref($close,24) - 1, 240), 240, ""last"")",0.004891497,0.001046247,0.000845465,-6.62E-05,-0.005401399,0.073486485,1,3.685110949,0.004651019,0.010292896,0.723195876,0.618041237,22.86315521
"DownResample(Min($close/Ref($close,25) - 1, 240), 240, ""last"")",0.004872199,0.001068335,0.000827102,-3.57E-05,-0.005415372,0.073283843,1,3.671051989,0.004631721,0.010287572,0.72371134,0.615979381,22.77593065
"DownResample(Min($close/Ref($close,26) - 1, 240), 240, ""last"")",0.004880029,0.001029552,0.000849488,-5.82E-05,-0.005387157,0.073065201,1,3.654918982,0.004639551,0.010267186,0.72371134,0.615979381,22.67583829
"DownResample(Min($close/Ref($close,27) - 1, 240), 240, ""last"")",0.004877687,0.001035957,0.000841938,-8.18E-05,-0.005361772,0.072844913,1,3.639085761,0.004637209,0.010239459,0.720618557,0.616494845,22.57760586
"DownResample(Min($close/Ref($close,28) - 1, 240), 240, ""last"")",0.004873046,0.001043559,0.000824544,-7.87E-05,-0.005348921,0.072651903,1,3.626636466,0.004632568,0.010221967,0.721134021,0.615463918,22.50036798
"DownResample(Min($close/Ref($close,29) - 1, 240), 240, ""last"")",0.004883301,0.001015436,0.000828888,-9.98E-05,-0.005313812,0.07246403,1,3.61683035,0.004642823,0.010197112,0.718041237,0.615463918,22.4395289
"DownResample(Min($close/Ref($close,30) - 1, 240), 240, ""last"")",0.004908949,0.001027317,0.000771233,-8.30E-05,-0.005311675,0.072451275,1,3.612352568,0.004668471,0.010220624,0.722164948,0.614948454,22.41174786
